Title,Company,Website,Link
Senior Android/Kotlin Engineer,X-Team,WeWorkRemotely,https://weworkremotely.com/remote-jobs/x-team-senior-android-kotlin-engineer
Full Stack Developer with React Experience,Codelitt,Remote OK,https://remoteok.io/l/69888
Frontend Engineer,Knack,WeWorkRemotely,https://weworkremotely.com/remote-jobs/knack-frontend-engineer-2
Front End Web Developer ~ Virtual Office,KBMax,WeWorkRemotely,https://weworkremotely.com/remote-jobs/kbmax-front-end-web-developer-virtual-office
Senior Full Stack Engineer (Remote OR NYC),Noom,Stack Overflow,https://stackoverflow.com/jobs/283522/senior-full-stack-engineer-remote-or-nyc-noom
"Frontend developer (Vue.js, Material Design, Typescript)",ClearLife Limited,Stack Overflow,https://stackoverflow.com/jobs/410438/frontend-developer-vuejs-material-design-clearlife-limited
Senior Go Developer,X-Team,WeWorkRemotely,https://weworkremotely.com/remote-jobs/x-team-senior-go-developer
Full Stack Engineer (React Native / Python),Modus Create,Stack Overflow,https://stackoverflow.com/jobs/401813/full-stack-engineer-react-native-python-modus-create
Full Stack Engineer,SpotMe,Stack Overflow,https://stackoverflow.com/jobs/114053/full-stack-engineer-spotme
FinTech Developer,OliBank,Stack Overflow,https://stackoverflow.com/jobs/384443/fintech-developer-olibank
Experienced Ruby on Rails Engineer,Starfish,WeWorkRemotely,https://weworkremotely.com/remote-jobs/starfish-experienced-ruby-on-rails-engineer
Sr. Software Engineer,VisuWell,Stack Overflow,https://stackoverflow.com/jobs/274406/sr-software-engineer-visuwell
Senior WordPress Developer,Formidable Forms,WeWorkRemotely,https://weworkremotely.com/remote-jobs/formidable-forms-senior-wordpress-developer-1
Full Stack Software Engineer - Mobile Healthcare,Medsphere,Stack Overflow,https://stackoverflow.com/jobs/406291/full-stack-software-engineer-mobile-healthcare-medsphere
Ruby/rails + Vue JS Engineer (aud$100k),PropertyNow,Remote OK,https://remoteok.io/l/71467
Full Stack Developer (Python & Vue.js),Unhaggle Inc.,WeWorkRemotely,https://weworkremotely.com/remote-jobs/unhaggle-inc-full-stack-developer-python-vue-js-2
Senior Software Engineer,LINQ,Stack Overflow,https://stackoverflow.com/jobs/401765/senior-software-engineer-linq
Atlassian Consultant: Remote (Global),Modus Create,Stack Overflow,https://stackoverflow.com/jobs/413509/atlassian-consultant-remote-global-modus-create
Full-stack Javascript Developer,Soshace,Remote OK,https://remoteok.io/l/70901
Frontend Web Developer (m/f/x),refurbed,Stack Overflow,https://stackoverflow.com/jobs/361674/frontend-web-developer-m-f-x-refurbed
R&D Software Developer,"GPM, Corp.",Stack Overflow,https://stackoverflow.com/jobs/413113/r-d-software-developer-gpm-corp
Full-Stack Developer,Charidy,Stack Overflow,https://stackoverflow.com/jobs/307185/full-stack-developer-charidy
"Senior Backend Developer (Node, Event-Driven)",Nacelle,Stack Overflow,https://stackoverflow.com/jobs/395509/senior-backend-developer-node-event-driven-nacelle
Vue.js Developer,Savvy Apps,Remote OK,https://remoteok.io/l/70790
Senior Vue.js Developer (Remote),X-Team,Stack Overflow,https://stackoverflow.com/jobs/275429/senior-vuejs-developer-remote-x-team
PHP-/Javascript-Entwickler mit einem Faible für Datenprozesse (w/m/d),Publicare Marketing Communications GmbH,Stack Overflow,https://stackoverflow.com/jobs/287513/php-javascript-entwickler-mit-einem-faible-f%C3%BCr-publicare-marketing
Full Stack PHP Developer (m/f/d) - Bielefeld/Berlin/Remote,Egoditor GmbH,Stack Overflow,https://stackoverflow.com/jobs/408861/full-stack-php-developer-m-f-d-bielefeld-egoditor-gmbh
Full Stack Senior Web Developer,Plain Concepts,WeWorkRemotely,https://weworkremotely.com/remote-jobs/plain-concepts-full-stack-senior-web-developer
Software Consultant / Developer (m/f/d),BRYTER,WeWorkRemotely,https://weworkremotely.com/remote-jobs/bryter-software-consultant-developer-m-f-d-1
Full Stack Developer (PHP),Harvest Digital Planning,WeWorkRemotely,https://weworkremotely.com/remote-jobs/harvest-digital-planning-full-stack-developer-php
Senior Software Engineer,Snowdrop,Remote OK,https://remoteok.io/l/75658
Ruby on Rails Developer,Nebulab,Stack Overflow,https://stackoverflow.com/jobs/225436/ruby-on-rails-developer-nebulab
Frontend Developer,Sporty,Remote OK,https://remoteok.io/l/96902
Front-end Web Developer,We Make Websites,WeWorkRemotely,https://weworkremotely.com/remote-jobs/we-make-websites-front-end-web-developer-1
Senior Front-end Developer,Likvido.com,Remote OK,https://remoteok.io/l/83260
Software Engineer in Test,ReCharge Payments,WeWorkRemotely,https://weworkremotely.com/remote-jobs/recharge-payments-software-engineer-in-test
QA Automation Engineer (Python): Remote (Central Europe Timezone),Modus Create,Stack Overflow,https://stackoverflow.com/jobs/413574/qa-automation-engineer-python-remote-central-modus-create
Fullstack Product Engineer (Django),HeySummit,WeWorkRemotely,https://weworkremotely.com/remote-jobs/heysummit-fullstack-product-engineer-django
Full-Stack Developer (Elixir/ Ruby),Mindvalley,Stack Overflow,https://stackoverflow.com/jobs/399156/full-stack-developer-elixir-ruby-mindvalley
"Freelance Shopify Developer – Remote, Full-time",Toptal,WeWorkRemotely,https://weworkremotely.com/remote-jobs/toptal-freelance-shopify-developer-remote-full-time-1
Tryouts Open for a Full-Stack Developer,GameSheet Inc.,Stack Overflow,https://stackoverflow.com/jobs/413173/tryouts-open-for-a-full-stack-developer-gamesheet-inc
Application Developer,Blockstack,Remote OK,https://remoteok.io/l/69751
"Front End Web Developer and Designer for ""Space Apps""",Deploy Solutions,WeWorkRemotely,https://weworkremotely.com/remote-jobs/deploy-solutions-front-end-web-developer-and-designer-for-space-apps
Senior Full Stack Engineer - Help us teach kids to code!,Kodable,Stack Overflow,https://stackoverflow.com/jobs/406686/senior-full-stack-engineer-help-us-teach-kids-kodable
"Software Engineer, Full Stack",Doximity,Remote OK,https://remoteok.io/l/76493
Fullstack Developer,Gambling.com Group,Stack Overflow,https://stackoverflow.com/jobs/308837/fullstack-developer-gamblingcom-group
Senior Java Developer who wants to make a difference,O'Reilly Auto Parts,Stack Overflow,https://stackoverflow.com/jobs/130997/senior-java-developer-who-wants-to-make-a-oreilly-auto-parts
Software Developer (Remote or Onsite),Aptera Software,Stack Overflow,https://stackoverflow.com/jobs/246026/software-developer-remote-or-onsite-aptera-software
Senior DevOps Engineer,ReCharge Payments,WeWorkRemotely,https://weworkremotely.com/remote-jobs/recharge-payments-senior-devops-engineer
Front End Software Engineer,CodeLathe Technologies Inc,WeWorkRemotely,https://weworkremotely.com/remote-jobs/codelathe-technologies-inc-front-end-software-engineer-1
Senior Full Stack Developer,Bitbond,Remote OK,https://remoteok.io/l/84641
Django/Python Backend Engineer,PolicyFly,Stack Overflow,https://stackoverflow.com/jobs/415347/django-python-backend-engineer-policyfly
Senior Back-end / Ruby on Rails Developer,iubenda,Stack Overflow,https://stackoverflow.com/jobs/410579/senior-back-end-ruby-on-rails-developer-iubenda
Senior Java Developer,X-Team,WeWorkRemotely,https://weworkremotely.com/remote-jobs/x-team-senior-java-developer
"Senior Javascript Developer, Vuejs",etg24 GmbH,Remote OK,https://remoteok.io/l/83044
Senior DevOps Engineer,Nacelle,Stack Overflow,https://stackoverflow.com/jobs/406559/senior-devops-engineer-nacelle
Ruby on Rails Developer for Growing (Remote) Start Up,Bluethumb Pty Ltd,WeWorkRemotely,https://weworkremotely.com/remote-jobs/bluethumb-pty-ltd-ruby-on-rails-developer-for-growing-remote-start-up
Front-End Developer: The Perfect Job,iPhone Photography School,WeWorkRemotely,https://weworkremotely.com/remote-jobs/iphone-photography-school-front-end-developer-the-perfect-job-1
Backend Engineer @ CartKit,CartKit,WeWorkRemotely,https://weworkremotely.com/remote-jobs/cartkit-backend-engineer-cartkit
Front End Developer,Territory Foods,WeWorkRemotely,https://weworkremotely.com/remote-jobs/territory-foods-front-end-developer
Senior iOS Engineer,X-Team,WeWorkRemotely,https://weworkremotely.com/remote-jobs/x-team-senior-ios-engineer
Front-end Developer ( & Full Time),C4Media,Remote OK,https://remoteok.io/l/69456
Senior Full-Stack Software Engineer,TaxJar,WeWorkRemotely,https://weworkremotely.com/remote-jobs/taxjar-senior-full-stack-software-engineer
Security Developer,OliBank,Stack Overflow,https://stackoverflow.com/jobs/374851/security-developer-olibank
Lead Vue.js / PHP developer,HUBX,Stack Overflow,https://stackoverflow.com/jobs/397027/lead-vuejs-php-developer-hubx
Senior Full Stack Software Developer- Remote,Upstack,Stack Overflow,https://stackoverflow.com/jobs/286028/senior-full-stack-software-developer-remote-upstack
Full-stack Go Software Engineer,Private Business Network,Remote OK,https://remoteok.io/l/72309
Lead Engineer,Fuigo,Remote OK,https://remoteok.io/l/71436
Data/Analytics Engineer,X-Team,WeWorkRemotely,https://weworkremotely.com/remote-jobs/x-team-data-analytics-engineer
Frontend Django Developer,Swappa,WeWorkRemotely,https://weworkremotely.com/remote-jobs/swappa-frontend-django-developer
Senior PHP Developer (full Stack | Cakephp | Laravel | Vue | Jquery),continued,Remote OK,https://remoteok.io/l/74078
"Software Engineer, Android (Kotlin)",Doximity,WeWorkRemotely,https://weworkremotely.com/remote-jobs/doximity-software-engineer-android-kotlin
Shopify Developer,C2 Digital,WeWorkRemotely,https://weworkremotely.com/remote-jobs/c2-digital-shopify-developer-2
Full-Stack Engineer (PHP),Excel Impact,Stack Overflow,https://stackoverflow.com/jobs/413571/full-stack-engineer-php-excel-impact
Software Engineer (Cyber Security),Surevine,Stack Overflow,https://stackoverflow.com/jobs/346002/software-engineer-cyber-security-surevine
Senior Frontend Developer (Remote),Hypothesis.is,Stack Overflow,https://stackoverflow.com/jobs/375433/senior-frontend-developer-remote-hypothesisis
Xamarin Developer,X-Team,WeWorkRemotely,https://weworkremotely.com/remote-jobs/x-team-xamarin-developer
"Sr. Full-stack Developer (node, Vue, Typescript, Python, SQL, Elastic) - Fully Startup",Specula.io,Remote OK,https://remoteok.io/l/75688
DevOps DBA Engineer,Modus Create,Stack Overflow,https://stackoverflow.com/jobs/413502/devops-dba-engineer-modus-create
Full Stack Web Developer,"Art & Logic, Inc.",Stack Overflow,https://stackoverflow.com/jobs/370918/full-stack-web-developer-art-logic-inc
Lead Front-end Developer with a Passion for UX,The Interaction Design Foundation,Remote OK,https://remoteok.io/l/69759
PHP-/Javascript-Entwickler mit einem Faible für Datenprozesse (w/m/d),Publicare Marketing Communications GmbH,Stack Overflow,https://stackoverflow.com/jobs/287513/php-javascript-entwickler-mit-einem-faible-f%C3%BCr-publicare-marketing
"Front-end Javascript Developer with React, Vue or Angular",Soshace,Remote OK,https://remoteok.io/l/71563
Senior Go Developer (Remote),X-Team,Stack Overflow,https://stackoverflow.com/jobs/235208/senior-go-developer-remote-x-team
"Software Engineer, Full Stack",Doximity,WeWorkRemotely,https://weworkremotely.com/remote-jobs/doximity-software-engineer-full-stack
"Full Stack Engineer (WebForms, Angular 2+, C#)",Modus Create,Stack Overflow,https://stackoverflow.com/jobs/413430/full-stack-engineer-webforms-angular-2-plus-c-sharp-modus-create
"Software Engineer, SRE",Doximity,WeWorkRemotely,https://weworkremotely.com/remote-jobs/doximity-software-engineer-sre
Javascript Developer,RemoteLeads,Remote OK,https://remoteok.io/l/84253
Software Architect,Nurun,Stack Overflow,https://stackoverflow.com/jobs/415675/software-architect-nurun
Senior Product Designer,TaxJar,WeWorkRemotely,https://weworkremotely.com/remote-jobs/taxjar-senior-product-designer-1
Full Stack Developer,Airship & Toggle,WeWorkRemotely,https://weworkremotely.com/remote-jobs/airship-toggle-full-stack-developer
Lead Media Asset Management Engineer,X-Team,WeWorkRemotely,https://weworkremotely.com/remote-jobs/x-team-lead-media-asset-management-engineer
Senior Ruby on Rails Server Engineer,Hubstaff,WeWorkRemotely,https://weworkremotely.com/remote-jobs/hubstaff-senior-ruby-on-rails-server-engineer
"Sr. Software Engineer, across a wide array of tech stacks, 100% Remote","Infinity Software Development, Inc.",WeWorkRemotely,https://weworkremotely.com/remote-jobs/infinity-software-development-inc-sr-software-engineer-across-a-wide-array-of-tech-stacks-100-10
Full Stack Developer - Retail & Catalog,Everli,Stack Overflow,https://stackoverflow.com/jobs/415688/full-stack-developer-retail-catalog-everli
Full Stack Developer,Formstack,Stack Overflow,https://stackoverflow.com/jobs/412868/full-stack-developer-formstack
Remote Shopify Developer,Bluebolt,Stack Overflow,https://stackoverflow.com/jobs/111292/remote-shopify-developer-bluebolt
Full Stack Developer,Uscreen,Remote OK,https://remoteok.io/l/83028
Senior Full-Stack Engineer (Vue/Node),Wisely,Stack Overflow,https://stackoverflow.com/jobs/405895/senior-full-stack-engineer-vue-node-wisely
Senior Ruby on Rails Server Engineer,Hubstaff,Stack Overflow,https://stackoverflow.com/jobs/414235/senior-ruby-on-rails-server-engineer-hubstaff
Senior Go Backend Developer (m/f/x),refurbed,Stack Overflow,https://stackoverflow.com/jobs/287208/senior-go-backend-developer-m-f-x-refurbed
Senior JavaScript and WebRTC Developer,X-Team,WeWorkRemotely,https://weworkremotely.com/remote-jobs/x-team-senior-javascript-and-webrtc-developer
Frontend Developer (m/f/d) - Bielefeld/Berlin/Remote,Egoditor GmbH,Stack Overflow,https://stackoverflow.com/jobs/410644/frontend-developer-m-f-d-bielefeld-berlin-egoditor-gmbh
Senior backend PHP developer,Debunk.eu,Stack Overflow,https://stackoverflow.com/jobs/373019/senior-backend-php-developer-debunkeu
Senior JavaScript Frontend Developer,Techifide Limited,WeWorkRemotely,https://weworkremotely.com/remote-jobs/techifide-limited-senior-javascript-frontend-developer
Front-end Javascript Developer,Soshace,Remote OK,https://remoteok.io/l/69821
Senior Front-end / JS Developer,iubenda,Stack Overflow,https://stackoverflow.com/jobs/396259/senior-front-end-js-developer-iubenda
Senior Software Engineer,"LearnZillion, an Edgenuity company",WeWorkRemotely,https://weworkremotely.com/remote-jobs/learnzillion-an-edgenuity-company-senior-software-engineer
Principal Front-End Engineer - Team Lead (Vue.js),"Unanet, Inc.",Stack Overflow,https://stackoverflow.com/jobs/406698/principal-front-end-engineer-team-lead-vuejs-unanet-inc
Fullstack JavaScript Engineer for an Marketplace SaaS Platform as potential CIO,HeyAMZ UG (haftungsbeschränkt),Stack Overflow,https://stackoverflow.com/jobs/387932/fullstack-javascript-engineer-for-an-marketplace-heyamz-ug-haftungsbeschr%C3%A4nkt
Seeking Senior Full Stack PHP Developer,SMAR7 Apps LLC,Remote OK,https://remoteok.io/l/69082
Full Stack Engineer @ CartKit,CartKit,WeWorkRemotely,https://weworkremotely.com/remote-jobs/cartkit-full-stack-engineer-cartkit
Full Stack Developer,Everli,Stack Overflow,https://stackoverflow.com/jobs/129548/full-stack-developer-everli
Full Stack PHP Developer,SpinupWP,WeWorkRemotely,https://weworkremotely.com/remote-jobs/spinupwp-full-stack-php-developer
"Mobile Software Engineer, iOS (Swift)",Doximity,WeWorkRemotely,https://weworkremotely.com/remote-jobs/doximity-mobile-software-engineer-ios-swift
Vue or Nuxt Developer,Front Porch Solutions,Remote OK,https://remoteok.io/l/97017
Senior NodeJS back end software developer,Prometheum Inc.,Stack Overflow,https://stackoverflow.com/jobs/218964/senior-nodejs-back-end-software-developer-prometheum-inc
UI Engineer,AppOmni,WeWorkRemotely,https://weworkremotely.com/remote-jobs/appomni-ui-engineer
Senior Front End Developer,Pixel Union,WeWorkRemotely,https://weworkremotely.com/remote-jobs/pixel-union-senior-front-end-developer
WordPress Developer (PHP/JS),Awesome Motive Inc.,WeWorkRemotely,https://weworkremotely.com/remote-jobs/awesome-motive-inc-wordpress-developer-php-js-3
Front End Developer,Carb Manager,Remote OK,https://remoteok.io/l/71855
Spiffy Combination of Release/Process/QAEngineer/Opportunity for more,Dorsata,Stack Overflow,https://stackoverflow.com/jobs/314986/spiffy-combination-of-release-process-qaengineer-dorsata
Integrations Engineer,X-Team,WeWorkRemotely,https://weworkremotely.com/remote-jobs/x-team-integrations-engineer
Senior Web Developer - Help us teach kids to code!,Kodable,Stack Overflow,https://stackoverflow.com/jobs/406687/senior-web-developer-help-us-teach-kids-to-code-kodable
Senior Software Engineer - Frontend (Remote),Web Summit,Stack Overflow,https://stackoverflow.com/jobs/289346/senior-software-engineer-frontend-remote-web-summit
Full Stack Nuxt JS Developer,Nacelle,Stack Overflow,https://stackoverflow.com/jobs/384138/full-stack-nuxt-js-developer-nacelle
Frontend Developer (vue.js + Asp.net),TestDome,Remote OK,https://remoteok.io/l/84183
Backend Engineer (Ruby on Rails),jobandtalent,WeWorkRemotely,https://weworkremotely.com/remote-jobs/jobandtalent-backend-engineer-ruby-on-rails
"Front-end Javascript Developer (react, Vue, Angular2+)",Soshace,Remote OK,https://remoteok.io/l/71141
"Software Engineer, Security",Doximity,WeWorkRemotely,https://weworkremotely.com/remote-jobs/doximity-software-engineer-security
Senior PHP Developer,Defiant Inc,Stack Overflow,https://stackoverflow.com/jobs/386493/senior-php-developer-defiant-inc
